titulo,subtitulo,texto,data,url,portal,vies_politico,justificativa_llm
Ideia: Lula e Flávio Bolsonaro empatam em simulação de 2º turno,Diferença dentro da margem de erro mantém cenário aberto e evidencia dificuldade de ruptura da polarização,"O cenário político para a sucessão presidencial de 2026 apresenta um quadro de polarização acentuada e equilíbrio estatístico. Segundo levantamento do instituto Meio/Ideia divulgado nesta quarta-feira (6), o senador Flávio Bolsonaro (PL-RJ) e o presidente Luiz Inácio Lula da Silva (PT) aparecem em empate técnico em uma eventual disputa de segundo turno.

Siga o Jornal GGN no Google e receba as principais notícias do Brasil e do Mundo Seguir no Google

No confronto direto, Flávio Bolsonaro soma 45,3% das intenções de voto, enquanto Lula registra 44,7%. Como a margem de erro da pesquisa é de 2,5 pontos percentuais para mais ou para menos, os dois principais nomes da disputa encontram-se em situação de igualdade. O grupo de eleitores que votaria em branco ou nulo soma 6,5%, enquanto 3,5% não souberam responder.

Desempenho contra outros nomes da direita

Além do embate com o clã Bolsonaro, a pesquisa testou a força do atual presidente contra outros governadores e lideranças do campo da direita e centro-direita. Lula mantém vantagem numérica fora da margem de erro contra nomes como Ronaldo Caiado (PSD) e Romeu Zema (Novo).

No cenário contra o ex-governador de Goiás, Ronaldo Caiado, o petista lidera com 44,7% frente a 40% do adversário. Já em uma disputa contra Romeu Zema, ex-governador de Minas Gerais, o placar é de 44% a 39%.

O levantamento também incluiu simulações com nomes menos competitivos no momento. Contra Ciro Gomes (PSDB), Lula vence por 44% a 34,5%. Diante de Renan Santos (Missão) e Aldo Rebelo (DC), a vantagem do atual mandatário é mais ampla, superando os 17 e 20 pontos percentuais, respectivamente.

Terceira via e indecisos

Um dado relevante das simulações é o comportamento dos votos brancos, nulos e indecisos, que cresce substancialmente à medida que os nomes da oposição se afastam da polarização tradicional. Enquanto no cenário entre Lula e Flávio esse grupo representa 10% do eleitorado, em um eventual embate entre Lula e Aldo Rebelo, o índice de dese",2026-05-06 15:04:53+00:00,https://jornalggn.com.br/eleicoes/2026/pesquisa-meio-ideia-lula-e-flavio-empatam-em-simulacao-de-2-turno/,jornalggn,NEUTRO,"** A notícia apresenta uma análise equilibrada das intenções de voto para a sucessão presidencial em 2026, sem adotar um tom crítico ou defensivo em relação aos principais candidatos."
"Exploração de minerais críticos promete ser o ""petróleo do século 21""",Criticas ao PL 2780/2024 abrem margem para defesa da reindustrialização e do controle estatal das reservas de terras raras,"Em entrevista ao jornalista Luís Nassif na noite de segunda (4), a jurista Luciana Bauer e o cientista político Pedro Costa Júnior expressaram grande preocupação com a crescente presença de empresas estrangeiras no setor de mineração de terras raras no Brasil. Eles alertam que, embora o Brasil possua soberania constitucional sobre seus minerais, há um “vazio estratégico” na legislação atual. A ausência de uma legislação que estabeleça uma cadeia de valor para as terras raras e promova a reindustrialização do país pode levar a um cenário semelhante ao ocorrido com a Venezuela, onde empresas estrangeiras se instalam e, posteriormente, surge a narrativa de expropriação de cidadãos e empresas.

Siga o Jornal GGN no Google e receba as principais notícias do Brasil e do Mundo Seguir no Google

Luciana Bauer e Pedro Costa Júnior criticaram o relatório do projeto de lei 2780/2024, do deputado Arnoldo Jardim, propondo 20 tópicos para um substitutivo. Eles apontaram que é preciso garantir a soberania do Brasil sobre seus minerais críticos, incluindo a criação de uma cadeia de valor, uma reserva crítica e uma lista nacional de minerais essenciais para indústrias como a da medicina. Eles criticam o projeto original de Jardim, considerando-o um “desastre” e inconstitucional, pois a Constituição estabelece a soberania brasileira sobre os minérios. O parecer também sugere um sistema híbrido de gestão, com o setor público atuando como indutor e garantidor, e a participação de empresas privadas na mineração.

Pedro Costa Júnior destacou que as empresas de mineração australianas, como a Viridis e a Meteórica, que atuam em Poços de Caldas e Andradas, são “próximas de interesses dos Estados Unidos”. Ele explicou que a Austrália, após ser pressionada pelos EUA a romper laços com a China, alinhou-se ao “Otanistão”. Essas empresas, com capital social baixo, buscam licenças através de acordos com prefeitos e governadores, e depois utilizam essas licenças para valorizar suas ações na NASDAQ",2026-05-05 19:58:35+00:00,https://jornalggn.com.br/noticia/exploracao-de-minerais-criticos-promete-ser-o-petroleo-do-seculo-21/,jornalggn,ESQUERDA,"** A notícia apresenta uma crítica ao PL 2780/2024 e defende a reindustrialização do Brasil com o controle estatal das reservas de terras raras, o que é um foco em justiça social e críticas ao mercado."
"Juros e eleições, por Paulo Kliass",O governo precisa oferecer à maioria da população ações concretas que evidenciem suas prioridades por recursos públicos.,"Juros e eleições

Siga o Jornal GGN no Google e receba as principais notícias do Brasil e do Mundo Seguir no Google

por Paulo Kliass

O Presidente Lula tem diante de si uma tarefa hercúlea: reverter a elevada desaprovação de seu desempenho à frente do Palácio do Planalto. Tanto ele como seu governo têm enfrentado grandes dificuldades quando a população se manifesta a respeito de sua opinião relativamente ao Executivo federal. Esta informação é bastante relevante quando vem acompanhada pelos resultados de outro tipo de sondagem – as pesquisas de intenções de voto no pleito de outubro próximo.

Os especialistas em processos eleitorais costumam afirmar que uma taxa de aprovação próxima a 45% e de desaprovação em torno de 50% para os chamados “incumbentes” (chefes do executivo que pleiteiam a sua recondução ao cargo pelo voto popular) representa um cenário de alto risco para a própria reeleição. Ora, para superar o quadro atual a menos de 5 meses do primeiro turno em 4 de outubro, tudo indica que o Lula precisa dar um verdadeiro cavalo de pau naquilo que vem impedindo a adoção de políticas públicas voltadas à maioria da população. Trata-se de recorrer à situação de emergência que atravessa a grande maioria da população endividada e encontrar as brechas necessárias para passar ao largo das amarras austericidas impostas pelo Arcabouço Fiscal, elaborado pelo ex Ministro da Fazenda Fernando Haddad.

Os atuais (ir)responsáveis pela área econômica do governo sempre apresentaram – e continuam a fazê-lo – as desculpas esfarrapadas do “não temos recursos”. Ocorre que isso se trata de uma grande falácia, uma vez que os recursos públicos existem em abundância. O problema é que eles estão sendo utilizados para realização de despesas de outra natureza. Ao invés de promover reajuste nos valores do Bolsa Família ou do salário-mínimo, o governo amplia os gastos com despesas financeiras. Ao invés de recompor estoques reguladores de alimentos para evitar a inflação de alimentos, o gover",2026-05-05 20:21:30+00:00,https://jornalggn.com.br/artigos/juros-e-eleicoes-por-paulo-kliass/,jornalggn,ESQUERDA,"** O texto apresenta uma análise crítica sobre a situação política do governo de Lula e sua reeleição, destacando a necessidade de ações concretas para melhorar a desaprovação popular."
Projeto Brasil: porque as terras raras comandarão a reindustrialização no país,"Não se montou, até agora, um projeto mapeando as possibilidades com a cadeia produtiva das terras raras, da extração aos produtos finais.","Quando se fala em terras raras, especialmente na relevância delas para a reindustrialização do país, ainda há muita mitologia, muita dificuldade para entender as possibilidades que se abrem com ela.

Siga o Jornal GGN no Google e receba as principais notícias do Brasil e do Mundo Seguir no Google

Praticamente nenhuma associação industrial montou, até agora, um projeto mapeando as possibilidades com a cadeia produtiva das terras raras, da extração aos produtos finais.

Vamos a um exercício rápido em torno dessas possibilidades.

Peça 1 – a cadeia produtiva

Ou, em texto corrido:

Setores industriais ao longo da cadeia produtiva de terras raras

Elo 1 — Geologia e pesquisa mineral

Reservas de 21 Mt (2ª maior reserva do mundo), ainda subqualificadas tecnicamente.

Setores que emergem: geotecnologia e software (modelagem 3D, IA geológica aplicada à prospecção); sondagem e laboratórios analíticos (ensaios, metrologia mineral, qualificação de jazidas).

Elo 2 — Extração (lavra)

Produção atual residual frente ao potencial. Projetos Serra Verde (GO) e Caldeira (MG) são os mais avançados.

Setores que emergem: equipamentos de mineração (máquinas, sensores, automação de lavra); logística e infraestrutura (ferrovias, portos, armazenamento de concentrado).

Elo 3 — Beneficiamento (concentração)

Etapa incipiente no Brasil, com gargalo logístico entre mina e planta.

Setores que emergem: plantas de beneficiamento (flotação, hidrometalurgia); engenharia química e ambiental (gestão de rejeitos, licenciamento, passivo ambiental).

Elo 4 — Refino químico (óxidos e metais)

Principal gargalo. China domina mais de 70% do processamento global. Brasil praticamente ausente neste elo, que concentra o maior valor agregado da cadeia.

Setores que emergem: química fina e separação (extração por solvente, troca iônica — CETEM e IPEN têm rotas laboratoriais comprovadas); materiais avançados (cerâmicas técnicas, catalisadores, fósforos para iluminação, vidros especiais).

Elo 5 — Insumos int",2026-05-06 10:00:00+00:00,https://jornalggn.com.br/noticia/projeto-brasil-porque-as-terras-raras-comandarao-a-reindustrializacao-no-pais/,jornalggn,NEUTRO,"** O texto apresenta uma abordagem neutra e informativa sobre o projeto Brasil e as possibilidades de reindustrialização com a cadeia produtiva das terras raras. Não há críticas explícitas ao mercado ou à política econômica, nem foco em justiça social ou preservação ambiental."
Livro com ensaios sobre Afonso Arinos será lançado em São Paulo,"Coletânea com textos de juristas, economistas e escritores marca os 120 anos do intelectual e resgata sua influência na política e pensamento","Uma coletânea de ensaios sobre o legado de Afonso Arinos de Melo Franco será lançada no próximo dia 11 de maio, em São Paulo. Intitulado “Nos 120 anos de Afonso Arinos de Melo Franco”, o livro reúne 17 textos que revisitam a trajetória e a produção intelectual do jurista, diplomata e político mineiro, destacando sua relevância para áreas como direito constitucional, ciência política, história das ideias e política externa.

Siga o Jornal GGN no Google e receba as principais notícias do Brasil e do Mundo Seguir no Google

O lançamento ocorre na Livraria Martins Fontes, na Avenida Paulista, e contará com a participação do embaixador Rubens Ricupero, que trabalhou com Arinos no Ministério das Relações Exteriores em 1961 e fará uma apresentação sobre sua obra.

Organizado por Arno Wehling e Rogério Faria Tavares, o volume traz contribuições de nomes como José Sarney, Edmar Bacha e Joaquim Falcão. Os textos abordam múltiplas dimensões da atuação de Arinos, incluindo sua passagem pelo Congresso, pelo Itamaraty e pela vida acadêmica.

A obra também reúne depoimentos pessoais, poemas — entre eles textos de Carlos Drummond de Andrade — e um conjunto de imagens cedidas pela família, compondo um retrato mais humanizado do homenageado. Arinos foi responsável pela primeira lei antirracista do período republicano, em 1951, e teve papel central na formulação da política externa independente durante o governo Jânio Quadros.

Falecido em 1990, quando exercia mandato de senador, Arinos também teve destaque na Assembleia Nacional Constituinte de 1987-1988, sendo o parlamentar que discursou na promulgação da Constituição.

Com mais de 500 páginas, o livro busca reintroduzir o pensamento do autor às novas gerações, destacando a atualidade de suas ideias sobre democracia, soberania nacional e Estado de direito.

Serviço

Lançamento: Nos 120 anos de Afonso Arinos de Melo Franco

Data: 11 de maio

Horário: das 18h às 21h

Local: Livraria Martins Fontes – Avenida Paulista, 509, São Paulo

E",2026-05-06 14:18:54+00:00,https://jornalggn.com.br/memoria/livro-com-ensaios-sobre-afonso-arinos-sera-lancado-em-sao-paulo/,jornalggn,NEUTRO,"** O texto sobre o lançamento do livro ""Nos 120 anos de Afonso Arinos de Melo Franco"" é considerado NEUTRO porque descreve eventos e fatos da vida de Afonso Arinos sem tomar partido político ou expressar juízo de valor."
Bilhete Único sob disputa: a captura por um grupo empresarial,Denúncia descreve um suposto processo de captura do sistema por um grupo empresarial com vínculos políticos com o Partido Progressistas,"Uma denúncia enviada à Controladoria-Geral do Município de São Paulo (CGM – Controladoria-Geral do Município de São Paulo), em 17 de abril de 2026, acende um alerta sobre o futuro do Bilhete Único (BU – sistema de bilhetagem eletrônica do transporte público municipal).

Siga o Jornal GGN no Google e receba as principais notícias do Brasil e do Mundo Seguir no Google

O documento, dirigido ao controlador-geral Daniel Falcão, descreve um suposto processo de captura do sistema por um grupo empresarial com vínculos políticos com o Progressistas (PP – Partido Progressistas).

A denúncia sustenta que o movimento não ocorreu de forma abrupta — mas em três camadas, combinando engenharia institucional, ocupação de cargos-chave e decisões técnicas com forte impacto operacional.

A origem: uma associação privada no coração do sistema público

O ponto de partida remonta a 2019, no âmbito da Secretaria de Transportes Metropolitanos de São Paulo (STM – Secretaria de Transportes Metropolitanos do Estado de São Paulo), então comandada por Alexandre Baldy.

Naquele ano, foi criada a ABASP (Associação Brasileira das Empresas de Bilhetagem e Serviços Públicos), uma entidade privada que reúne empresas públicas — como o Metrô de São Paulo (Companhia do Metropolitano de São Paulo) e a CPTM (Companhia Paulista de Trens Metropolitanos) — além de operadores de ônibus da RMSP (Região Metropolitana de São Paulo).

Pouco depois, a associação contratou a AUTOPASS (empresa privada de bilhetagem eletrônica) por 20 anos, sem licitação, sob a justificativa de inexigibilidade.

O ponto mais sensível: segundo a denúncia, 14 dos 24 associados fundadores da ABASP são sócios indiretos da própria AUTOPASS. Em termos práticos, os operadores teriam criado a entidade, ocupado suas instâncias decisórias e contratado a empresa da qual são beneficiários — um arranjo que levanta suspeitas de autocontratação.

O caso está sob análise do Tribunal de Contas do Estado de São Paulo (TCE-SP – Tribunal de Contas do Es",2026-05-06 10:04:28+00:00,https://jornalggn.com.br/cidades/bilhete-unico-sob-disputa-a-captura-por-um-grupo-empresarial/,jornalggn,ESQUERDA,"** A notícia apresenta uma denúncia sobre a captura do sistema de Bilhete Único por um grupo empresarial com vínculos políticos com o Partido Progressistas, destacando a suposta engenharia institucional e ocupação de cargos-chave. O tom da notícia sugere críticas ao modelo de gestão do transporte público municipal em São Paulo."
"M. Verlaine: Maioria do Congresso é contra o governo, ou o País?",Rejeição inédita ao STF e derrubada de veto ao PL da Dosimetria expõem inflexão institucional e tensão mais radicalizada entre Poderes.,"A maioria do Congresso é contra o governo, ou contra o País?

Siga o Jornal GGN no Google e receba as principais notícias do Brasil e do Mundo Seguir no Google

por Marcos Verlaine

Trata-se de ruptura inédita. Será que é (foi) episódica e/ou excepcional? Ou será a regra a partir de agora? A rejeição do nome de Jorge Messias ao STF (Supremo Tribunal Federal) pelo Senado não é (tampouco foi) apenas episódio político.

Trata-se, pois, de marco institucional. Pela primeira vez desde 1894, a Casa recusou indicado à Corte Suprema, rompendo assim tradição de mais de século.

Embora a Constituição assegure ao Senado o papel de sabatinar e aprovar ou rejeitar a indicação presidencial, a negativa sempre foi tratada como hipótese excepcional, reservada a situações de evidente inadequação técnica ou moral. Não foi o caso.

Tratou-se de veto essencialmente político: de um lado, motivado por retaliação, já que o indicado não correspondia à preferência do presidente do Congresso; de outro, marcado por viés ideológico, refletindo a oposição dura, radicalizada e sistemática da extrema-direita ao governo do presidente Lula (PT).

Voto político, não técnico

A votação que barrou Messias — 42 votos contrários e 34 favoráveis — carrega forte conteúdo político.

Não se tratou de avaliação estritamente jurídica ou de mérito, mas de movimento articulado de oposição ao governo de Lula.

Partidos fecharam questão, e a indicação foi convertida em campo de disputa política e ideológica. O Senado exerceu a prerrogativa que lhe cabia, mas o fez sob lógica de enfrentamento, não de equilíbrio entre Poderes.

“Combo” legislativo

A rejeição não veio isolada. Na sequência, o Congresso derrubou o veto presidencial ao chamado PL da Dosimetria1, alterando regras de aplicação de penas aos condenados pela tentativa de golpe de Estado; abrindo assim espaço para beneficiar os golpistas dos atos de 8 de janeiro de 2023.

A votação expressiva — 318 deputados e 49 senadores — revela mais do que divergência p",2026-05-06 12:35:16+00:00,https://jornalggn.com.br/opiniao/m-verlaine-maioria-do-congresso-e-contra-o-governo-ou-o-pais/,jornalggn,ESQUERDA,"** A notícia apresenta uma análise crítica da atuação do Senado em relação à indicação de Jorge Messias ao STF, destacando a ruptura com a tradição de mais de um século e a motivação política por trás da rejeição."
"Lula entre Trump e a soberania brasileira, por Reynaldo Aragon",Uma análise do cerco dos Estados Unidos ao Brasil e do teste decisivo de soberania que Lula enfrentará na Casa Branca,"Lula na linha de fogo: entre Trump e a soberania brasileira

Siga o Jornal GGN no Google e receba as principais notícias do Brasil e do Mundo Seguir no Google

por Reynaldo Aragon

Não se trata de uma reunião diplomática comum. Lula chega a Washington depois de um ano de tarifas, sanções, ataques às instituições brasileiras, pressão sobre o STF, disputa pelas terras raras e uma ofensiva coordenada que envolve governo, Congresso, big techs e operadores da extrema-direita internacional. Do outro lado, Trump não busca apenas negociar. Busca reposicionar o Brasil dentro de uma arquitetura de dependência. Este texto é um alerta e um mapa. Uma leitura estratégica do que está em jogo, dos riscos ocultos e do que o governo brasileiro precisa fazer para não sair dessa reunião com menos soberania do que entrou.

O encontro que não é diplomático

Não se trata de uma reunião bilateral comum. Lula chega à Casa Branca depois de um ciclo contínuo de pressão que não pode ser confundido com tensão diplomática ordinária. Nos últimos meses, o Brasil foi alvo de uma sequência coordenada de ações que incluem a imposição de tarifas comerciais de grande impacto, a abertura de investigações formais contra práticas econômicas brasileiras, a aplicação de sanções contra autoridades do Judiciário, pressões diretas sobre o funcionamento das plataformas digitais no país e uma ofensiva discursiva que busca enquadrar decisões soberanas como ameaças à ordem internacional. Esse movimento não ocorreu de forma dispersa nem acidental. Ele revela um padrão de atuação que combina instrumentos econômicos, jurídicos, tecnológicos e narrativos para reposicionar o Brasil dentro de uma lógica de dependência.

Nesse contexto, a presença simultânea de atores da extrema-direita brasileira em território americano não é um detalhe periférico, mas parte da mesma engrenagem. Enquanto Lula se dirige oficialmente à Casa Branca, há um circuito paralelo operando no campo simbólico e político, buscando antecipar interpre",2026-05-06 12:55:49+00:00,https://jornalggn.com.br/analise/lula-entre-trump-e-a-soberania-brasileira-por-reynaldo-aragon/,jornalggn,ESQUERDA,"** O texto apresenta uma análise crítica da situação política entre o Brasil e os Estados Unidos, destacando a pressão exercida pelo governo dos EUA sobre o governo brasileiro e as instituições nacionais. A abordagem é caracterizada por um tom de alerta e preocupação com a perda de soberania do Brasil."
Supremo sofre pressão midiática para evitar freios ao Congresso,"Ao focar em teorias da conspiração e ignorar abusos da Lava Jato, mídia profissional fortalece grupos políticos antissistema","Em um bate-papo revelador com o jornalista Luís Nassif, o jurista Georges Abboud expressou seu inconformismo com a forma como a mídia profissional tem abordado pautas relacionadas ao Supremo Tribunal Federal (STF). Abboud destacou que, em vez de focar em problemas reais do Brasil, como o desvio de bilhões, a mídia frequentemente transforma o STF no centro das atenções, chegando a fabricar teorias da conspiração sobre a atuação dos ministros. Ele ressaltou que as críticas ao Supremo parecem artificialmente construídas, ignorando o papel da instituição em enfrentar grupos poderosos politicamente e economicamente.

Siga o Jornal GGN no Google e receba as principais notícias do Brasil e do Mundo Seguir no Google

Abboud argumentou que o STF tem sido a única instituição a apresentar resistência a esses grupos, citando exemplos como a coragem de abordar a questão dos militares acusados de golpe e a atuação em grandes questões tributárias, onde o Supremo se mostra mais protetor do fisco e do tesouro. Ele lamentou que a mídia, ao focar em escândalos e contratos, desvie a atenção do público das importantes ações do Supremo, seja na pandemia ou em sua história recente, alimentando um “jornalismo de intriga”.

O jurista também abordou a questão da dosimetria, um tema que gera debate sobre sua constitucionalidade. Ele enfatizou que o ambiente criado pelas instituições e pela mídia profissional, especialmente desde dezembro, coloca o Supremo em uma posição de constante exposição a crises. Abboud traçou um paralelo com a Lava Jato, onde o alarido midiático impediu que freios fossem impostos aos abusos, criando um ambiente em que juízes e ministros se sentem desconfortáveis para tomar decisões independentes. Ele criticou a mídia por traduzir decisões não punitivas como “compadrio” ou “acordão”, mesmo diante de provas de conluio e uso de provas ilícitas na Lava Jato.

Georges Abboud defendeu o ministro Dias Toffoli, afirmando que o peso jogado sobre ele se deveu, em grande parte, à",2026-05-05 18:27:05+00:00,https://jornalggn.com.br/politica/supremo-sofre-pressao-midiatica-para-evitar-freios-ao-congresso/,jornalggn,ESQUERDA,"** O texto apresenta uma análise crítica da mídia profissional brasileira em relação à cobertura do Supremo Tribunal Federal (STF), destacando a construção de teorias da conspiração e a falta de abordagem dos problemas reais do país, como o desvio de bilhões."
"Brasil tem o trimestre mais letal para mulheres da história, e governo lança programa de prevenção","Dados revelam que 399 mulheres foram assassinadas por razão de gênero entre janeiro e março de 2026, uma vítima a cada 5 horas e 25 minutos, em média","Com 399 feminicídios entre janeiro e março de 2026, país registra alta de 7,5% em relação ao mesmo período do ano anterior; lei sancionada por Lula propõe atuação integrada entre poderes e setores da sociedade

Siga o Jornal GGN no Google e receba as principais notícias do Brasil e do Mundo Seguir no Google

O Brasil atravessa o início de ano mais letal para as mulheres desde que o monitoramento de feminicídios teve início, em 2015. Dados do Ministério da Justiça e Segurança Pública revelam que 399 mulheres foram assassinadas por razão de gênero entre janeiro e março de 2026, uma vítima a cada 5 horas e 25 minutos, em média.

O número representa alta de 7,5% em relação ao mesmo trimestre de 2025 e supera todos os registros anteriores para o período, incluindo os picos de 2022 (372 vítimas) e 2024 (384 vítimas). Em uma década, o total triplicou: eram 125 casos no primeiro trimestre de 2015.

Janeiro foi o mês mais violento do período, com 142 registros, seguido por março (134) e fevereiro (123). Os dados são compilados pelo Sistema Nacional de Informações de Segurança Pública (Sinesp), com base em informações fornecidas pelos estados, pelo Distrito Federal, pela Polícia Federal e pela Polícia Rodoviária Federal.

Geograficamente, São Paulo concentra o maior número absoluto de casos, com 86 vítimas no trimestre. Na sequência aparecem Minas Gerais (42), Paraná (33), Bahia (25) e Rio Grande do Sul (24). Em termos proporcionais, o Amapá registrou o maior crescimento: saiu de 2 para 7 casos na comparação com o mesmo período de 2025, um aumento de 250%. Apenas Acre e Roraima não registraram feminicídios no período.

O cenário agrava um quadro já alarmante: em 2025, o país registrou 1.470 feminicídios ao longo de todo o ano, o maior número já contabilizado desde que o monitoramento foi instituído.

Prevenção

Em resposta a esse quadro, o presidente Luiz Inácio Lula da Silva sancionou a Lei nº 15.398, que institui o Programa Antes que Aconteça. Publicada no Diário Oficial da",2026-05-05 19:00:02+00:00,https://jornalggn.com.br/politica/brasil-trimestre-mais-letal-mulheres-historia/,jornalggn,NEUTRO,"** A notícia apresenta um relato factual sobre a alta de feminicídios no Brasil e o lançamento de um programa de prevenção pelo governo, sem expressar uma opinião claramente partidária."
"Campanha de Tarcísio tem doação de morta e R$ 25 mi irregulares, diz MPE",Órgão eleitoral aponta esquema com “laranjas” e empresas suspeitas; caso abre debate que pode levar à cassação,"A Procuradoria Regional Eleitoral de São Paulo apresentou uma representação formal à Justiça Eleitoral apontando uma série de inconsistências graves na prestação de contas da campanha de Tarcísio de Freitas (Republicanos) ao governo paulista em 2022. De acordo com informações do portal ICL Notícias, o órgão identifica irregularidades que somam R$ 25,2 milhões, o equivalente a 67,5% de todas as despesas contratadas pela chapa.

Siga o Jornal GGN no Google e receba as principais notícias do Brasil e do Mundo Seguir no Google

O documento, fundamentado no artigo 30-A da Lei das Eleições, sustenta que o volume de recursos sem comprovação adequada e a suspeita de arrecadação ilícita podem, em tese, levar à cassação do diploma do governador e de seu vice, Felicio Ramuth (PSD).

Doação de morta e renda incompatível

Entre os pontos mais críticos levantados pelo Ministério Público Eleitoral (MPE) está uma doação de R$ 600 atribuída a uma mulher que já constava no sistema de controle de óbitos no momento do repasse. Para os procuradores, o caso indica “possível arrecadação irregular” e coloca em xeque a origem real do dinheiro utilizado.

Além disso, a representação lista doadores cujos repasses financeiros são incompatíveis com a renda formal declarada à Receita Federal. Segundo o MPE, a prática sugere o uso de terceiros, os chamados “laranjas”, para ocultar os verdadeiros financiadores da campanha.

“O recebimento de recursos provenientes de fontes vedadas é considerado inconsistência grave, que denota o financiamento da campanha com recursos ilícitos”, afirma a Procuradoria na peça.

Concentração de gastos, empresas sob suspeita e laços políticos

O foco das investigações recai sobre a Beacon Comunicações Ltda., empresa que recebeu R$ 24,3 milhões, concentrando mais de 65% dos gastos totais de Tarcísio. O MPE aponta que não foram apresentados documentos suficientes para comprovar a execução integral dos serviços. “As irregularidades comprometeram a transparência e a fisca",2026-05-06 13:43:16+00:00,https://jornalggn.com.br/politica/campanha-de-tarcisio-tem-doacao-de-morta-e-r-25-mi-irregulares-diz-mpe/,jornalggn,ESQUERDA,"** A notícia apresenta um caso de irregularidade na campanha eleitoral do governador Tarcísio de Freitas, com suspeita de arrecadação ilícita e uso de ""laranjas"" para financiar a campanha. O Ministério Público Eleitoral (MPE) apresentou uma representação formal à Justiça Eleitoral apontando as irregularidades."
Lula sai “muito satisfeito” de reunião de três horas com Trump e aposta em acordo comercial,"Presidentes discutiram tarifas, crime organizado, minerais críticos e reforma da ONU; delegações definiram grupos de trabalho para avançar nas negociações","O presidente Luiz Inácio Lula da Silva encerrou nesta quinta-feira (7) uma reunião de três horas com o presidente dos Estados Unidos, Donald Trump, na Casa Branca, e saiu otimista com os resultados. O encontro, que extrapolou em mais de uma hora o tempo previsto, começou no Salão Oval e se estendeu por um almoço na Sala do Gabinete, com a participação de ministros dos dois países.

Siga o Jornal GGN no Google e receba as principais notícias do Brasil e do Mundo Seguir no Google

“Eu saio muito, muito satisfeito da reunião. Acho que foi uma reunião importante para o Brasil e importante para os Estados Unidos”, declarou Lula em coletiva de imprensa logo após o encontro.

Segundo o chanceler Mauro Vieira, os temas centrais foram o comércio bilateral e as tarifas impostas pelo governo americano, a cooperação no combate ao crime organizado e ao crime transnacional, e a questão dos minerais críticos. Ao final, os dois presidentes definiram missões concretas para cada área.

Tarifas e comércio

O ponto mais sensível da agenda foi a disputa comercial, agravada pela investigação da Seção 301, mecanismo americano que pode resultar na imposição de novas tarifas sobre produtos brasileiros. O ministro do Desenvolvimento, Indústria e Comércio, Márcio Elias Rossi, apresentou à delegação americana dados que, segundo ele, demonstram o não cabimento de sobretarifas sobre produtos do Brasil.

“Ficou pactuado que a USTR, o Departamento de Comércio americano, o Itamaraty e o MDIC voltarão nas próximas semanas a negociar o fim das tarifas e o estabelecimento de uma nova regra para o futuro”, afirmou Rossi.

Lula confirmou que propôs um prazo de 30 dias para que as equipes técnicas dos dois países cheguem a uma conclusão. O presidente brasileiro argumentou que, nos números do próprio governo americano, o Brasil registrou déficit de quase 30 bilhões de dólares com os Estados Unidos em 2025, dado que, segundo ele, reforça a posição brasileira.

“Quem tiver errado vai ceder. Se a gente tiver",2026-05-07 20:29:29+00:00,https://jornalggn.com.br/politica/lula-sai-muito-satisfeito-reuniao-tres-horas-trump/,jornalggn,NEUTRO,"** A notícia apresenta uma cobertura positiva da reunião entre Lula e Trump, destacando os resultados otimistas e a cooperação entre os dois países. O tom é de expectativa e otimismo, sem críticas ou questionamentos sobre as decisões tomadas."
Verlaine: Entre a caricatura e a realidade: o lugar incômodo do Lula 3,A experiência recente brasileira mostrou que ambos os vetores podem caminhar juntos: radicalização econômica e erosão política.,"Entre a caricatura e a realidade: o lugar incômodo do Lula 3

Siga o Jornal GGN no Google e receba as principais notícias do Brasil e do Mundo Seguir no Google

Rotulado de neoliberal por setores da esquerda e de “esquerdista” pela direita, o governo se move, na prática, no terreno estreito do “neodesenvolvimentismo”. E revela os limites e tensões desse projeto no Brasil contemporâneo.

por Marcos Verlaine

O debate sobre o caráter do terceiro governo Lula (PT) tornou-se refém de rótulos fáceis e, muitas vezes, analiticamente pobres e equivocados. De um lado, setores da esquerda o acusam de “neoliberal”; de outro, o bolsonarismo o denuncia como expressão de suposto “estatismo esquerdista”, de caráter socialista. Nem um, tampouco o outro.

Nenhuma dessas leituras se sustenta quando confrontada com análise mais rigorosa, como propõe Armando Boito Jr. ao definir o Lula 3 como “um governo neodesenvolvimentista”1. O longo artigo de Boito Jr. vale a leitura atenta, pois é esclarecedor.

Segundo Boito Jr., a confusão nasce, em grande medida, de erro conceitual central: a incapacidade de distinguir política de governo e modelo de Estado. O Brasil permanece inserido em um capitalismo de matriz neoliberal — financeirizado, dependente e globalizado —, mas isso não implica que todos os governos operem com a mesma lógica política.

Há variações reais, ainda que limitadas, dentro desse modelo. É nesse espaço estreito que se inscreve o chamado neodesenvolvimentismo.

Neodesenvolvimentismo sob pressão

Trata-se, essencialmente, de política de resistência. Diferente do neoliberalismo, que aprofunda a dependência por meio da abertura irrestrita, da desregulação e da compressão de direitos sociais, o neodesenvolvimentismo busca conter — e, em alguns casos, mitigar — esses efeitos.

Não rompe com o modelo, mas o tensiona. Não promove transformação estrutural, mas altera a direção de algumas políticas públicas.

No caso do Lula 3, isso se expressa em 3 frentes. Na economia, a retomada d",2026-05-07 20:51:52+00:00,https://jornalggn.com.br/opiniao/verlaine-entre-a-caricatura-e-a-realidade-o-lugar-incomodo-do-lula-3/,jornalggn,ESQUERDA,"** O texto apresenta uma análise crítica do governo Lula 3, destacando a ambiguidade de seu projeto político e econômico, que não se enquadra em categorias simplistas como neoliberalismo ou estatismo esquerdista."
PF aponta mesada e favores de Vorcaro a Ciro Nogueira,Investigação aponta que senador instrumentalizou mandato em troca de pagamentos mensais de até R$ 500 mil e benefícios de luxo,"A Polícia Federal deflagrou nesta quinta-feira (7) a 5ª fase da Operação Compliance Zero, tendo como alvo principal o senador e presidente do Progressistas (PP), Ciro Nogueira (PI). A investigação aponta que o parlamentar teria colocado o mandato à disposição dos interesses de Daniel Vorcaro, dono do antigo Banco Master, em troca de vantagens indevidas que incluem repasses mensais em dinheiro, viagens de luxo e até o pagamento de contas de restaurante.

Siga o Jornal GGN no Google e receba as principais notícias do Brasil e do Mundo Seguir no Google

Por determinação do ministro André Mendonça, do Supremo Tribunal Federal (STF), agentes cumpriram mandados de busca e apreensão em endereços ligados ao parlamentar em Brasília e no Piauí. A operação também teve como alvo o irmão do senador, Raimundo Nogueira, além de aliados e operadores financeiros ligados a Vorcaro.

Ao todo, foram expedidos dez mandados de busca e apreensão e uma ordem de prisão temporária. Felipe Cançado Vorcaro, primo de Daniel Vorcaro e apontado como operador financeiro do esquema, foi detido em Minas Gerais. A decisão ainda autorizou o bloqueio de R$ 18,85 milhões em bens e ativos.

Segundo a PF, Ciro Nogueira aparece como o “destinatário central” das vantagens indevidas atribuídas a Vorcaro. Os investigadores sustentam que o senador teria “instrumentalizado o exercício do mandato parlamentar em favor dos interesses privados” do banqueiro.

Emenda pró-Master entrou no radar

O principal eixo da investigação envolve a apresentação da Emenda nº 11 à PEC 65/2023, que trata da autonomia do Banco Central.. O texto, protocolado por Ciro Nogueira em 2024, previa ampliar a cobertura do Fundo Garantidor de Crédito (FGC) de R$ 250 mil para R$ 1 milhão por depositante.

Para a PF, a proposta beneficiaria diretamente o modelo de negócios do Banco Master, que operava com forte captação de recursos por meio de CDBs cobertos pelo fundo garantidor.

As investigações apontam que a minuta da emenda teria sido prod",2026-05-07 13:17:24+00:00,https://jornalggn.com.br/politica/pf-aponta-mesada-e-favores-de-vorcaro-a-ciro-nogueira/,jornalggn,ESQUERDA,"** A notícia apresenta uma narrativa que prioriza a denúncia de supostos favores e pagamentos indevidos ao senador Ciro Nogueira por parte do dono do antigo Banco Master, Daniel Vorcaro, sem fornecer contexto sobre as motivações ou as implicações legais das ações descritas. A abordagem é crítica em relação à figura política e seus familiares, o que sugere um viés ideológico."
Moraes mantém prisão de deputado do RJ,Ministro do STF argumenta que prerrogativa não pode proteger crimes cometidos sem relação com o mandato parlamentar,"A decisão do ministro Alexandre de Moraes, do Supremo Tribunal Federal (STF), de manter a prisão do deputado estadual Thiago Rangel Lima (Avante-RJ) independentemente da Assembleia Legislativa do Rio (Alerj) marca um novo capítulo no debate sobre os limites da imunidade parlamentar no Brasil.

Siga o Jornal GGN no Google e receba as principais notícias do Brasil e do Mundo Seguir no Google

O parlamentar foi preso pela Polícia Federal na quarta fase da Operação Unha e Carne, que investiga um suposto esquema de fraudes em contratos da Secretaria Estadual de Educação do Rio de Janeiro.

Na decisão, Moraes determinou que a prisão deve ser mantida sem necessidade de aval da Alerj — algo que, em regra, seria exigido pela Constituição.

Pela norma tradicional, parlamentares só podem ser presos em flagrante por crime inafiançável. Nesses casos, a Casa Legislativa decide se mantém ou revoga a prisão.

No entanto, o ministro afastou essa aplicação automática no caso concreto.

Além da prisão, foram determinadas audiência de custódia dos investigados, afastamento do deputado do cargo, e buscas e apreensões em diversos endereços

O ponto central da decisão é a interpretação da chamada imunidade parlamentar processual, prevista no artigo 53 da Constituição. Moraes argumenta que essa proteção:

não pode ser aplicada de forma automática

deve ser analisada conforme o contexto do caso

não pode servir como escudo para crimes sem relação com o mandato

Segundo o ministro, há uma distorção na prática recente: a imunidade estaria sendo usada para barrar investigações e decisões judiciais em casos de corrupção e organização criminosa.

Na decisão, Moraes cita um dado relevante: em 13 casos de prisão de deputados estaduais por crimes sem relação com o mandato, 12 tiveram as prisões revertidas pelas assembleias legislativas. E 8 desses casos ocorreram no Rio de Janeiro.

Para o ministro, isso indica um padrão de uso da prerrogativa parlamentar para impedir a aplicação da lei penal.

Imu",2026-05-06 22:34:00+00:00,https://jornalggn.com.br/justica-2/moraes-prisao-deputado-rj-imunidade-parlamentar/,jornalggn,NEUTRO,"** A notícia apresenta uma decisão do ministro Alexandre de Moraes, do Supremo Tribunal Federal (STF), que mantém a prisão do deputado estadual Thiago Rangel Lima independentemente da Assembleia Legislativa do Rio (Alerj). O texto destaca o argumento de Moraes sobre os limites da imunidade parlamentar no Brasil, sem apresentar uma narrativa crítica ou denunciadora em relação ao ministro ou à decisão."
Defesa entrega delação premiada de Daniel Vorcaro à PF e PGR,Documento em análise cita políticos de diferentes espectros e pode levar a novos desdobramentos no caso Master,"Foi entregue na última terça-feira (5) à PGR (Procuradoria-Geral da República) e à PF (Polícia Federal) a proposta de defesa do ex-banqueiro Daniel Vorcaro.

Siga o Jornal GGN no Google e receba as principais notícias do Brasil e do Mundo Seguir no Google

A proposta foi apresentada sob o rito de delação premiada, no âmbito das investigações do caso Master, que apura fraudes bilionárias no mercado financeiro. As autoridades responsáveis já iniciaram a análise do material, a fim de verificar a existência de novos elementos probatórios relevantes para os inquéritos.

De acordo com investigadores, esse período de análise pode se estender por mais de dois meses.

Vorcaro recebeu visitas diárias de seus advogados no presídio federal de Brasília para a preparação do material. Ao todo, o processo levou cerca de um mês e meio até a conclusão da proposta, que detalha datas, horários e cidades de encontros, reuniões, festas e viagens com políticos. Segundo informações da CNN, o documento cita parlamentares de diferentes espectros políticos — da direita à esquerda, com predominância de nomes do centro.

Após a análise, a PF e a PGR devem agendar depoimentos com o empresário para estruturar a delação, que posteriormente será encaminhada ao STF (Supremo Tribunal Federal).

Segundo fontes, nenhum dos pré-candidatos à Presidência é citado diretamente no documento, entre eles Luiz Inácio Lula da Silva (PT), Flávio Bolsonaro (PL), Romeu Zema (Novo), Ronaldo Caiado (PSD), Augusto Cury (Avante), Renan Santos (Missão) e Aldo Rebelo (Democracia Cristã).

No entanto, é possível que o ex-presidente Jair Bolsonaro seja mencionado em um dos anexos.

Leia mais:",2026-05-06 19:44:55+00:00,https://jornalggn.com.br/noticia/defesa-entrega-delacao-premiada-de-daniel-vorcaro-a-pf-e-pgr/,jornalggn,NEUTRO,"** A notícia apresenta uma abordagem neutra ao relatar a entrega da delação premiada de Daniel Vorcaro às autoridades, sem tomar partido ou fazer juízo de valor sobre os fatos."
Gustavo Tapioca: A pergunta decisiva é outra. E se Lula ganhar?,"As democracias modernas não acabam mais sob o barulho dos tanques. Podem morrer pelas mãos de líderes eleitos, parlamentos eleitos...","A pergunta decisiva é outra. E se Lula ganhar?

Siga o Jornal GGN no Google e receba as principais notícias do Brasil e do Mundo Seguir no Google

A extrema direita já não precisa repetir o 8 de janeiro. Pode tentar destruir a democracia por dentro, usando Congresso, Senado, STF, Big Techs e a máquina da desinformação contra o resultado das urnas. A pergunta que atravessa a eleição presidencial de outubro de 2026 não é apenas quem vencerá a disputa entre Lula e Flávio Bolsonaro.

por Gustavo Tapioca

Em 2022, Luiz Inácio Lula da Silva derrotou Jair Bolsonaro nas urnas. A extrema direita brasileira, parte expressiva da alta cúpula militar e setores radicais do bolsonarismo não aceitaram o resultado. O país mergulhou numa escalada golpista que começou com a contestação fraudulenta do sistema eleitoral, passou pelos acampamentos diante dos quartéis, avançou com envolvimento das Forças Armadas numa ruptura institucional e explodiu, em 8 de janeiro de 2023, na invasão e depredação das sedes dos Três Poderes.

Mais tarde, as investigações revelariam algo ainda mais grave: a tentativa de golpe não era apenas uma aventura de vândalos fantasiados de verde e amarelo. Havia planos que previam inclusive ações contra Lula, Geraldo Alckmin e o ministro Alexandre de Moraes. O golpe foi abortado. Lula tomou posse. Bolsonaro foi condenado a 27 anos e 3 meses de prisão por tentativa de golpe e outros crimes.

Hoje, cumpre pena em prisão domiciliar humanitária, enquanto sua família tenta preservar o espólio político do bolsonarismo. A Reuters registrou tanto a condenação quanto, posteriormente, a derrubada do veto que abriu caminho para reduzir a pena do ex-presidente. Mas a pergunta permanece. E se Lula ganhar de novo?

O golpe mudou de método

A extrema direita tentará repetir o golpe clássico? Tentará novamente incendiar as ruas, mobilizar quartéis, contestar as urnas, pedir intervenção militar e ganhar apoio de generais, almirantes e brigadeiros para outra aventura contra a Consti",2026-05-07 13:51:49+00:00,https://jornalggn.com.br/opiniao/gustavo-tapioca-a-pergunta-decisiva-e-outra-e-se-lula-ganhar/,jornalggn,ESQUERDA,"** O texto apresenta uma análise crítica sobre a possibilidade de Lula ganhar as eleições presidenciais de 2026 e como isso poderia afetar a democracia brasileira, destacando a capacidade da extrema direita de tentar destruir a democracia por dentro."
Os fantásticos editoriais contra o Desenrola,"Medida do Desenrola é bloquear o CPF dos beneficiados, para impedir que voltem a jogar. Aí, o grande Sardenberg diz que é só burlar o CPF.","Há muitos elementos para criticar o Desenrola. Mas o nível dos argumentos invocados pelos editoriais de O Globo e a Folha só é superado pelo alerta de Carlos Alberto Sardenberg da CBN, de que não adiante bloquear o CPF de quem negociar a dívida, para bloquear nas Bets, porque as pessoas tirarão outro CPF. É fantástico! Cidadãos comuns driblando a complexidade dos CPFs só para jogar nas Bets.

Siga o Jornal GGN no Google e receba as principais notícias do Brasil e do Mundo Seguir no Google

Há dois temas macro explicando a inadimplência, e um tema menor.

Os dois temas macro atendem pelo nome de Bets e spreads bancários.

Mas, aí, há dois problemas.

Bets e bancos são grandes anunciantes. Como é que fica, então?

Uma das medidas do Desenrola é bloquear o CPF dos beneficiados, para impedir que voltem a frequentar as Bets. Mas, aí, o grande Sardenberg diz que é só burlar o CPF. Como seria possível? Simples:

A Receita Federal cruza dados de:

certidão de nascimento,

biometria,

títulos eleitorais,

bancos,

cartórios,

movimentações financeiras,

Pix,

declarações de IR,

e até vínculos familiares/patrimoniais.

É só falsificar todos esses dados.

Poderíamos falar da taxa Selic. Que tal sugerir a redução? Não dá, porque vai contra os dogmas do mercado. O que resta então?

Segundo O Globo:

“Para os beneficiados, o efeito pode ser positivo, mas qualquer alívio será temporário, como foi o último Desenrola. Os problemas estruturais que aumentam o endividamento do brasileiro continuam intocados — e, desses, nem Lula nem ninguém no governo não quer nem ouvir falar. Não houve medida alguma para conter o gasto público ou aliviar a pressão que o desequilíbrio fiscal exerce sobre a taxa de juros, principal causa da inadimplência e da escalada nas dívidas”.

LEIA TAMBÉM:",2026-05-06 20:01:08+00:00,https://jornalggn.com.br/midia/os-fantasticos-editoriais-contra-o-desenrola/,jornalggn,ESQUERDA,"** O texto apresenta uma crítica ao Desenrola, medida do governo que visa bloquear o CPF dos beneficiados para impedir que voltem a jogar nas Bets. A crítica é feita por meio de um editorial que destaca a dificuldade em bloquear o CPF e a possibilidade de as pessoas burlarem essa medida."
"Por que caem os aviões?, por Avritzer & Sousa","Mesmo que avaliemos que o governo é o principal derrotado na votação de 29 de abril, não está muito claro quem são os vitoriosos.","Por que caem os aviões?

Siga o Jornal GGN no Google e receba as principais notícias do Brasil e do Mundo Seguir no Google

por Leonardo Avritzer e Rômulo Paes de Sousa

Os aviões nunca caem por apenas um motivo. Podemos usar essa analogia para pensar o recente fracasso na indicação de Jorge Messias para o STF pelo presidente Lula. São vários os motivos pelos quais a indicação foi rejeitada pelo Senado – a primeira rejeição desde o governo Floriano Peixoto, no alvorecer da República. Podemos enumerar seis.

Em primeiro lugar, era sabido que o presidente do Senado e muitos senadores tinham preferência manifesta pelo senador mineiro Rodrigo Pacheco. Em segundo lugar, o governo subestimou a reação de Davi Alcolumbre à indicação de Jorge Messias e a forma como essa reação poderia se desdobrar em uma série de atitudes em relação ao governo e ao próprio indicado.

Devemos pensar também, em terceiro lugar, que a deterioração da imagem do STF na opinião pública brasileira abriu espaço inédito para a rejeição e para a sua aceitação pela opinião pública. A pesquisa do Datafolha, publicada em 13 de abril, estimou que 75% dos entrevistados concordam que, no presente, as pessoas acreditam menos no STF do que no passado. Soma-se a isso, em quarto lugar, os confrontos entre o STF e o Legislativo, ao longo deste ano, especialmente em três episódios: os desfechos da CPI Mista do INSS, que resultaram em ameaças por parte do ministro Gilmar Mendes ao presidente da comissão, que, posteriormente, vieram a ser reiteradas pelo ministro Alexandre de Moraes.

Os confrontos mencionados contribuíram para a escalada de um clima improdutivo entre o STF e o Senado, no qual o Senado entendeu que a própria reação à indicação do presidente Lula poderia ser uma tomada de posição frente ao STF.

Em quinto lugar, vale a pena considerar as limitações da articulação empreendida por Jorge Messias para sua aprovação, especialmente no que diz respeito à sua interlocução com lideranças evangélicas. Apesar d",2026-05-07 19:25:03+00:00,https://jornalggn.com.br/artigos/por-que-caem-os-avioes-por-avritzer-sousa/,jornalggn,NEUTRO,"** A notícia apresenta uma análise crítica sobre a indicação de Jorge Messias para o STF pelo presidente Lula, destacando os motivos pelos quais ela foi rejeitada pelo Senado. O texto não adota um tom partidário explícito, mas sim analisa as razões políticas e sociais que contribuíram para a rejeição."
"As notícias do Brasil nos jornais do mundo, nesta quinta (7)","Em meio a articulações diplomáticas, o Brasil ocupou espaço central nas manchetes dos principais jornais do mundo","Os principais jornais e agências internacionais voltaram seus olhos para o Brasil nesta quinta-feira (7). A agenda do presidente Lula (PT) nos Estados Unidos, que envolve discussões sobre tarifas, crime organizado e investimentos, dominaram a cobertura de veículos americanos, europeus e asiáticos. Confira:

Siga o Jornal GGN no Google e receba as principais notícias do Brasil e do Mundo Seguir no Google

A repercussão nos EUA

A agência Reuters destacou que Lula viajaria aos Estados Unidos para uma reunião com Donald Trump voltada à discussão sobre tarifas comerciais e cooperação contra o crime organizado. A reportagem enfatizou a tentativa brasileira de reduzir tensões diplomáticas após o tarifaço imposto pelos EUA sobre produtos brasileiros.

Outra reportagem da Reuters revelou que o empresário Eike Batista teria atuado nos bastidores para aproximar Lula e Trump, funcionando como interlocutor informal entre Brasília e Washington.

A Associated Press (AP) informou que Trump receberia Lula na Casa Branca em uma reunião focada em economia e segurança, classificando o encontro como uma tentativa de reaproximação bilateral em meio às disputas comerciais recentes.

A emissora americana ligada à rede Fox News destacou que Lula e Trump discutiriam tarifas sobre produtos brasileiros, minerais estratégicos e combate ao crime organizado, ressaltando que a relação bilateral começou a melhorar após meses de tensão comercial.

A Reuters publicou ainda reportagem mostrando que o Brasil voltou ao topo global como principal destino de investimentos chineses em 2025, respondendo por 10,9% do capital externo chinês no mundo.

A repercussão na Europa

O espanhol El País destacou a tentativa do governo Lula de equilibrar relações diplomáticas com Washington sem romper o alinhamento comercial crescente com Pequim.

A agência AFP, republicada por veículos europeus, repercutiu a aproximação entre Lula e Trump, destacando o contraste ideológico entre os dois líderes e o pragmatismo comerc",2026-05-07 14:38:33+00:00,https://jornalggn.com.br/midia/as-noticias-do-brasil-nos-jornais-dos-eua-europa-e-asia-nesta-quinta-7/,jornalggn,NEUTRO,"** O texto apresenta uma cobertura jornalística sobre as notícias do Brasil nos principais jornais do mundo, destacando a agenda do presidente Lula nos Estados Unidos. A narrativa é neutra e descritiva, sem tomar partido ou fazer juízo de valor."
Congresso reabre disputa sobre penas do 8 de Janeiro,Mudanças na dosimetria penal podem reduzir penas de condenados pelos atos golpistas e devem levar nova disputa institucional ao STF,"A derrubada do veto presidencial ao chamado “PL da Dosimetria” inaugurou uma nova etapa da crise entre Congresso, governo e Supremo Tribunal Federal (STF). Sob o argumento de corrigir excessos nas penas aplicadas aos envolvidos nos atos golpistas de 8 de janeiro, parlamentares aprovaram mudanças que podem reduzir condenações e abrir caminho para revisões penais em larga escala — inclusive de aliados do ex-presidente Jair Bolsonaro.

Siga o Jornal GGN no Google e receba as principais notícias do Brasil e do Mundo Seguir no Google

O movimento foi lido em Brasília não apenas como uma inflexão jurídica, mas como um gesto político de enfrentamento ao Executivo e de pressão sobre o STF. A partir de agora, a tendência é que a disputa saia do plenário do Congresso e migre para o Supremo, onde ministros já sinalizam preocupação com os impactos constitucionais da medida.

O tema foi debatido na programação da TV GGN, no programa “GGN 20 Horas”, que analisou os desdobramentos políticos da votação e os possíveis efeitos da nova legislação sobre os processos relacionados ao 8 de Janeiro.

A proposta altera critérios da dosimetria penal — mecanismo utilizado para definir o tamanho da pena e a progressão de regime — e impede, em determinadas situações, a soma integral de crimes como tentativa de golpe de Estado e abolição violenta do Estado Democrático de Direito. Na prática, prevaleceria a punição do crime mais grave, com aumento proporcional reduzido.

Embora defensores do projeto afirmem que a medida busca “proporcionalidade” e “pacificação”, críticos sustentam que o texto abre precedente para flexibilização ampla do sistema penal brasileiro. Especialistas apontam que os efeitos da lei podem extrapolar os casos do 8 de Janeiro e atingir condenados por crimes comuns, criando um novo paradigma para progressão de pena e concurso de crimes.

Nos bastidores, a aprovação do projeto também é interpretada como resultado de um rearranjo político entre setores do Centrão, oposição bolso",2026-05-09 13:03:59+00:00,https://jornalggn.com.br/politica/pl-dosimetria-congresso-lula-stf-8-janeiro/,jornalggn,ESQUERDA,"** A notícia apresenta uma narrativa que prioriza a crítica ao governo e ao Executivo, destacando a ""disputa institucional"" e a ""pressão sobre o STF"", o que sugere um viés ideológico de esquerda."
Lula sanciona lei que cria dia em memória das vítimas da Covid-19 e cobra responsabilização pelos erros da pandemia,"A data será celebrada todo dia 12 de março, quando foi registrada a primeira morte pela doença no Brasil. Leia no GGN","O presidente Luiz Inácio Lula da Silva sancionou nesta segunda-feira (11), em cerimônia no Palácio do Planalto, a lei que institui o Dia Nacional em Memória das Vítimas da Covid-19. A data será celebrada todo dia 12 de março, quando foi registrada a primeira morte pela doença no Brasil, em homenagem às mais de 716 mil pessoas que perderam a vida durante a pandemia, segundo dados do Ministério da Saúde até agosto de 2025.

Siga o Jornal GGN no Google e receba as principais notícias do Brasil e do Mundo Seguir no Google

O projeto foi aprovado pelo Senado em abril e é de autoria do deputado federal Pedro Uczai (PT-SC), líder do partido na Câmara, com relatoria do senador Humberto Costa (PT-PE).

“Dar nome aos responsáveis”

No evento, Lula foi além da celebração da sanção e usou o momento para cobrar que os responsáveis pelos erros cometidos durante a gestão da pandemia sejam identificados e não caiam no esquecimento. Sem poupar críticas ao governo Bolsonaro, o presidente afirmou que nunca acusou pessoalmente o ex-presidente de má-fé deliberada, mas que isso não o isentaria de responsabilidade.

“Eu partia do pressuposto que ele poderia não entender nada, porque muitas vezes a fala dele na televisão era demonstração de uma ignorância absoluta sobre o assunto. Mas os presidentes não são obrigados a saber tudo, eles têm que pelo menos ouvir quem sabe”, disse Lula.

O presidente relembrou que, na época, se reivindicava a criação de um comitê de especialistas e cientistas para orientar as políticas públicas de saúde. Em vez disso, o governo Bolsonaro trocou três ministros da Saúde durante a crise, sendo o último um general que, nas palavras de Lula, “fazia questão de ser desinformado”.

Cloroquina

Lula também relembrou declarações do período que considera emblemáticas do negacionismo oficial. Em dezembro de 2020, quando o país registrava mais de mil mortes por dia e acumulava 186 mil vítimas, Bolsonaro afirmava que “a pandemia está chegando ao fim” e questionava a necess",2026-05-11 21:07:24+00:00,https://jornalggn.com.br/politica/lula-sanciona-le-dia-memoria-vitimas-covid/,jornalggn,ESQUERDA,"** A notícia apresenta um tom de celebração e homenagem às vítimas da Covid-19, com destaque para a sanção da lei pelo presidente Lula, sem críticas explícitas ao governo anterior. O texto enfatiza a importância da memória das vítimas e a necessidade de responsabilização pelos erros cometidos durante a pandemia."
"Escândalo do Banco Master no Rio tem servidores endividados, rombo na previdência e CPI em andamento","O sistema de previdência dos servidores estaduais do Rio de Janeiro investiu mais de R$ 2,5 bilhões no Banco Master, montante que ""virou pó"" segundo deputado estadual","O Banco Master deixou um rastro profundo no Rio de Janeiro. Além da crise já acompanhada em nível federal, com a tentativa fracassada do BRB de adquirir a instituição, o estado fluminense emerge como um dos mais afetados pelo esquema, com prejuízos que somam bilhões de reais e dezenas de milhares de servidores públicos presos em dívidas com juros que beiram a agiotagem.

Siga o Jornal GGN no Google e receba as principais notícias do Brasil e do Mundo Seguir no Google

É o que denuncia o deputado estadual Flávio Serafini (PSOL-RJ), presidente da Comissão de Servidores da ALERJ, que protocolou uma CPI do Banco Master na Assembleia Legislativa do Rio de Janeiro.

O sistema de previdência dos servidores estaduais do Rio de Janeiro investiu mais de R$ 2,5 bilhões no Banco Master, cerca de R$ 1 bilhão diretamente em letras financeiras da instituição que “viraram pó”, nas palavras do deputado, e outros R$ 1,5 bilhão em fundos geridos pelo banco.

“Um bilhão, pelo menos, a gente sabe que virou pó”, afirma Serafini. O tamanho real do segundo prejuízo ainda está sendo apurado, e é justamente um dos alvos da CPI.

O ex-governador Claudio Castro tentou se distanciar do caso, argumentando que o Rio Previdência tem autonomia para fazer seus investimentos. Serafini rebate: quem nomeia o presidente do instituto é o próprio governador, e os investimentos foram feitos de forma ilegal. O presidente do Rio Previdência já está preso.

Monopólio

Mas o envolvimento do governo Castro com o Banco Master não começa pelo Rio Previdência. Antes disso, o próprio ex-governador publicou um decreto concedendo ao banco o monopólio para explorar modalidades de crédito consignado junto aos servidores do estado.

O resultado foi devastador. Serafini estima que cerca de 150 mil servidores fluminenses contraíram empréstimos nas modalidades oferecidas pelo Master, crédito cesta, antecipação de salário e cartão de crédito consignado, com juros que chegam a 100% ao ano em alguns contratos.

O deputado rel",2026-05-10 17:45:59+00:00,https://jornalggn.com.br/noticia/escandalo-do-banco-master-no-rio-tem-servidores-endividados-rombo-na-previdencia-e-cpi-em-andamento/,jornalggn,ESQUERDA,"** A notícia apresenta uma narrativa crítica ao Banco Master e seu impacto nos servidores públicos do Rio de Janeiro, destacando a perda financeira e o endividamento dos funcionários. O tom da reportagem sugere um foco em justiça social e críticas à gestão econômica, características típicas da narrativa de ESQUERDA."
Entre deepfakes e desinformação: a regulação da IA e as eleições no Brasil (Parte 2),"Nesta segunda parte, cabe um balanço geral dos avanços regulatórios e dos desafios que ainda persistem para o cenário eleitoral.","Entre deepfakes e desinformação: a regulação da IA e as eleições no Brasil (Parte 2)

Siga o Jornal GGN no Google e receba as principais notícias do Brasil e do Mundo Seguir no Google

Por: Anna Luiza Coli, Diego Matheus de Menezes, Gabriel Avritzer e Stella Ferreira Gontijo (Cátedra Darcy Ribeiro[1] IEAT/UFMG)[2]

O uso indiscriminado de IA impõe inegáveis desafios à democracia. A primeira parte deste artigo foi dedicada a exemplificá-los e analisar suas interações com o processo eleitoral de 2026, no caso brasileiro. Nesta segunda parte, cabe um balanço geral dos avanços regulatórios e dos desafios que ainda persistem para o cenário eleitoral.

No que tange à justiça, é possível identificar, no conjunto das 14 resoluções aprovadas pelo TSE para as eleições de 2026, um esforço de regulamentação do uso da inteligência artificial. As normas buscam ampliar medidas já adotadas nas eleições de 2024, indicando uma abordagem mais abrangente, articulada em torno da regulação da IA na propaganda eleitoral, do combate à desinformação e às fake news, bem como da responsabilização das plataformas digitais.

No que se refere à propaganda eleitoral, destacam-se (i) a proibição de recomendação de candidaturas por sistemas automatizados por IA para coibir a interferência algorítmica na tomada de decisão do eleitor, (ii) a proibição do uso de deepfakes, (iii) a proibição de divulgação de conteúdos novos produzidos ou alterados por IA nas 72 horas anteriores e nas 24 horas posteriores às votações e, por fim (iv) a obrigatoriedade de identificação de todo vídeo produzido por inteligência artificial.

Esse conjunto de normas busca estabelecer mecanismos que ampliem a responsabilização pela divulgação de conteúdos ilícitos. Entre as principais medidas está a possibilidade de inversão do ônus da prova em casos de suspeita de uso irregular de inteligência artificial, situação em que caberá ao acusado demonstrar a inexistência de utilização indevida da tecnologia. Além disso, conteúdos co",2026-05-11 12:19:23+00:00,https://jornalggn.com.br/artigos/entre-deepfakes-e-desinformacao-a-regulacao-da-ia-e-as-eleicoes-no-brasil-parte-2/,jornalggn,NEUTRO,"** O texto apresenta uma análise sobre a regulação da inteligência artificial (IA) e suas implicações nas eleições no Brasil, destacando os avanços regulatórios e os desafios que persistem."
"Gustavo Tapioca: Lula, Trump e a derrota dos Bolsonaro nos EUA",Lula não foi à Casa Branca pedir bênção a Trump. Foi mostrar ao Brasil que a relação com os Estados Unidos não pertence aos Bolsonaro.,"Lula, Trump e a derrota melancólica dos Bolsonaro nos EUA

Siga o Jornal GGN no Google e receba as principais notícias do Brasil e do Mundo Seguir no Google

A visita a Trump não foi apenas diplomacia. Foi a resposta de Estado à chancelaria paralela que a família Bolsonaro montou nos Estados Unidos para pressionar o Brasil, proteger Jair Bolsonaro e fabricar a candidatura de Flávio

por Gustavo Tapioca

A reunião de Lula com Donald Trump na Casa Branca deve ser lida para além da fotografia oficial, dos apertos de mão, das frases protocolares e da cordialidade calculada entre dois líderes que representam campos políticos opostos. O encontro, ocorrido em Washington, não produziu uma declaração conjunta espetacular nem resolveu, de uma só vez, os conflitos comerciais, tarifários e geopolíticos entre Brasil e Estados Unidos.

Mas produziu algo politicamente decisivo: desmontou a operação simbólica construída pela família Bolsonaro desde que Eduardo Bolsonaro se instalou nos Estados Unidos.

Lula não foi à Casa Branca pedir bênção a Trump. Foi mostrar ao Brasil que a relação com os Estados Unidos não pertence aos Bolsonaro.

Essa é a chave do episódio.

Desde que Eduardo Bolsonaro atravessou a fronteira política e passou a viver nos Estados Unidos, a extrema direita brasileira tentou transformar Washington em retaguarda do bolsonarismo. Eduardo não foi apenas morar fora. Foi instalar uma espécie de embaixada paralela da família Bolsonaro no coração do trumpismo.

Ali, passou a cultivar relações com lideranças republicanas, setores da direita radical americana, figuras próximas a Steve Bannon, autoridades do entorno político de Donald Trump e operadores da guerra cultural internacional.

Sua missão era dupla.

A primeira era ficar fisicamente mais perto de Trump, de Marco Rubio, de Steve Bannon, da CPAC, dos parlamentares republicanos e do aparelho político que voltou ao poder nos Estados Unidos com a restauração trumpista.

A segunda era permanecer fisicamente longe do B",2026-05-11 20:59:42+00:00,https://jornalggn.com.br/opiniao/gustavo-tapioca-lula-trump-e-a-derrota-dos-bolsonaro-nos-eua/,jornalggn,ESQUERDA,"** O texto apresenta uma análise crítica da visita de Lula à Casa Branca e sua relação com a política externa brasileira, destacando a derrota dos Bolsonaro nos EUA. A narrativa é construída em torno da ideia de que Lula está reestabelecendo as relações diplomáticas do Brasil com os EUA, desmontando a ""chancelaria paralela"" montada pela família Bolsonaro."
Moraes suspende aplicação da Lei da Dosimetria no STF,Ministro barra aplicação imediata da nova lei em casos ligados ao 8 de janeiro até julgamento das ações de inconstitucionalidade,"O ministro Alexandre de Moraes suspendeu neste sábado a aplicação da chamada Lei da Dosimetria em execuções penais relacionadas aos atos golpistas de 8 de janeiro de 2023. A decisão valerá até que o plenário do Supremo Tribunal Federal julgue as ações que questionam a constitucionalidade da norma.

Siga o Jornal GGN no Google e receba as principais notícias do Brasil e do Mundo Seguir no Google

Moraes é relator das ações diretas de inconstitucionalidade apresentadas contra a legislação promulgada após o Congresso derrubar o veto do presidente Luiz Inácio Lula da Silva. A nova lei altera regras de execução penal e abre caminho para revisão de penas de condenados pelos ataques de 8 de janeiro.

A decisão foi tomada durante a análise de um pedido apresentado pela defesa de Nara Faustino de Menezes, condenada pelo STF por participação nos atos golpistas. Os advogados solicitaram a aplicação imediata da nova legislação para reduzir a pena da ré.

Ao negar o pedido, Moraes argumentou que a existência de ações de controle concentrado no Supremo configura “fato processual novo e relevante”, recomendando a suspensão da aplicação da lei “por segurança jurídica” até definição do plenário da Corte.

Na prática, a decisão impede, ao menos temporariamente, que condenados pelo 8 de Janeiro obtenham benefícios previstos pela Lei da Dosimetria antes da manifestação definitiva do STF.

O tema se transformou em novo foco de tensão entre Congresso e Supremo. A legislação foi defendida por parlamentares como mecanismo de revisão das penas impostas aos envolvidos nos atos golpistas, mas críticos apontam que o texto pode funcionar como uma forma indireta de anistia para condenados por crimes contra o Estado Democrático de Direito.

Leia abaixo a íntegra do despacho em uma das execuções penais.",2026-05-09 20:09:02+00:00,https://jornalggn.com.br/justica-2/moraes-suspende-lei-dosimetria-stf/,jornalggn,NEUTRO,"** A notícia apresenta uma decisão do ministro Alexandre de Moraes suspendendo a aplicação da Lei da Dosimetria no STF, relacionada aos atos golpistas de 8 de janeiro de 2023. O texto é descritivo e não apresenta um viés ideológico explícito."
"As notícias do Brasil nos jornais dos EUA, Europa e Ásia",Veículos da imprensa internacional destacaram o Brasil em reportagens sobre crise economia e relações com Donald Trump,"O Brasil voltou ao centro da cobertura internacional neste fim de semana, aparecendo em reportagens de grandes jornais e agências de notícias dos Estados Unidos, Europa e Ásia. As pautas mais recorrentes envolveram a diplomacia entre o governo de Lula (PT) e o presidente norte-americano Donald Trump, os desdobramentos judiciais envolvendo Jair Bolsonaro (PL), a economia brasileira e mais. Confira:

Siga o Jornal GGN no Google e receba as principais notícias do Brasil e do Mundo Seguir no Google

A repercussão nos Estados Unidos

Reuters – Moraes suspende lei que poderia antecipar soltura de Bolsonaro: A agência destacou a nova crise entre o STF e o Congresso após o ministro Alexandre de Moraes barrar os efeitos da chamada “Lei da Dosimetria”, que poderia reduzir a pena do ex-presidente.

Reuters – Superávit comercial brasileiro dispara com soja e petróleo: A Reuters também reportou o crescimento de 37,5% no superávit comercial brasileiro impulsionado pelas exportações de commodities.

Fox News – Trump e Lula discutem crime organizado e tarifas: O tema foi tratado como estratégico para a segurança regional e para o comércio bilateral.

A repercussão na Europa

Bloomberg – Encontro entre Lula e Trump traz riscos políticos ao presidente brasileiro: A análise avaliou os impactos eleitorais e diplomáticos da aproximação entre os dois líderes em ano pré-eleitoral no Brasil.

Reuters – Neoenergia anuncia investimento bilionário no Brasil: A imprensa econômica europeia destacou o plano da subsidiária brasileira da espanhola Iberdrola de investir US$ 10 bilhões em distribuição elétrica no país.

The Times – Neymar vira símbolo de “potencial desperdiçado”: O jornal britânico publicou uma análise dura sobre a trajetória de Neymar, questionando se o craque ainda terá espaço na seleção brasileira de Carlo Ancelotti para a Copa de 2026.

A repercussão na Ásia

Reuters – Consumo chinês pode ajudar a preservar a Amazônia: A reportagem relacionou mudanças no padrão de consumo da Chi",2026-05-11 16:00:15+00:00,https://jornalggn.com.br/midia/as-noticias-do-brasil-nos-jornais-dos-eua-europa-e-asia/,jornalggn,NEUTRO,"** A notícia apresenta uma abordagem neutra e factual sobre a cobertura internacional do Brasil nos jornais dos EUA, Europa e Ásia, sem evidenciar um viés ideológico explícito."
"Dez anos de falência democrática, por Luis Felipe Miguel",O golpe de 2016 é o grande divisor de águas da vida política brasileira deste século: ainda vivemos à sua sombra.,"no Substack: Amanhã não existe ainda

Siga o Jornal GGN no Google e receba as principais notícias do Brasil e do Mundo Seguir no Google

por Luis Felipe Miguel

Hoje, completam-se 10 anos desde que a presidente Dilma Rousseff teve que se afastar da presidência da República, deixando o cargo para Michel Temer. Meses depois, em 31 de agosto, o Senado aprovaria o impeachment, sacramentando que seu afastamento era definitivo.

A deposição de Dilma atende por um nome preciso: golpe. Um dos golpes de novo tipo, que se tornaram frequentes, em que instrumentos legais, como o instituto do impeachment, são desvirtuados para afastar dos cargos de poder pessoas e grupos que se tornaram indesejados.

O impeachment foi levado adiante por um pretexto (as “pedaladas fiscais”). Todo mundo sabia que era um pretexto (e, posteriormente, o Tribunal de Contas da União viria a confirmar). No desenrolar do processo, mal se falava delas. Falava-se de “conjunto da obra”, dizia-se que a popularidade de Dilma estava baixa demais para que ela pudesse continuar na presidência da República, evocavam-se os valores familiares. E, sobretudo, a quadrilha de Sérgio Moro estava em operação.

Uma triangulação entre os juízes e procuradores corruptos da Lava Jato, a imprensa corporativa e as fábricas de notícias falsas manejadas pela direita alimentava um clima de opinião contrário a Lula, ao PT e à presidente. Era o triplex, era o pedalinho, eram os vazamentos marotos. Cada boato virava uma manchete, cada manchete virava uma investigação. Com o Supremo, com tudo. No Jornal Nacional, William Bonner desfiava mentiras com voz soturna, com a imagem do esgoto de dinheiro atrás.

Tem coisas que a Globo só faz para o PT.

Era para destruir Lula, o PT, a esquerda e Dilma – para sempre. Impossível enfrentar o tsunami, sobretudo diante do caráter desmobilizador do lulismo. Como François Andrieux disse a Napoleão, “on ne s’appuie que sur ce qui résiste”: só nos apoiamos sobre o que resiste. A base popular não sabi",2026-05-12 11:54:39+00:00,https://jornalggn.com.br/opiniao/dez-anos-de-falencia-democratica-por-luis-felipe-miguel/,jornalggn,ESQUERDA,"** O texto apresenta uma análise crítica do impeachment da presidente Dilma Rousseff em 2016, considerando-o um ""golpe de novo tipo"" que desvirtuou instrumentos legais para afastar pessoas e grupos indesejados dos cargos de poder. A narrativa enfatiza a suposta manipulação política e a falta de transparência no processo."
Caso Ypê: Extrema-direita politiza crise sanitária e ignora riscos à saúde,Aliados de Bolsonaro ignoram riscos de contaminação e convocam boicote reverso em defesa da marca. Leia no GGN,"A suspensão de lotes de produtos da Ypê pela Agência Nacional de Vigilância Sanitária (Anvisa) deixou de ser uma questão técnica para se tornar o novo combustível da extrema-direita. O que a agência classifica como medida de proteção à saúde pública, a oposição ao governo Lula (PT) interpreta como retaliação ideológica contra uma empresa cujos donos doaram R$ 1 milhão à campanha de reeleição de Jair Bolsonaro (PL) em 2022.

Siga o Jornal GGN no Google e receba as principais notícias do Brasil e do Mundo Seguir no Google

A controvérsia ganhou tração após a fiscalização identificar irregularidades severas na unidade da Química Amparo, no interior de São Paulo. Relatórios técnicos apontam equipamentos corroídos e o registro de 80 lotes com resultados fora da especificação microbiológica entre 2025 e 2026.

Segundo a Anvisa, foram detectados traços da bactéria Pseudomonas aeruginosa, capaz de causar infecções em pele, olhos e problemas respiratórios, especialmente em idosos e pessoas com baixa imunidade.

Mobilização nas redes sociais

Apesar do alerta sanitário, figuras proeminentes da direita iniciaram um movimento de “consumo político“. O vice-prefeito de São Paulo, Coronel Mello Araújo, convocou seguidores a comprarem a marca: “Vamos acabar com essa sacanagem que estão fazendo com essa empresa 100% brasileira”. No mesmo tom, o deputado estadual Lucas Bove (PL-SP) afirmou que a empresa está sendo “perseguida” por ser “bolsonarista“.

A campanha de apoio furou a bolha política e chegou ao entretenimento. A apresentadora Jojo Todynho e o ator Júlio Rocha publicaram conteúdos utilizando os produtos, ignorando a recomendação de evitar os lotes com final numérico 1 (especificamente lava-louças, lava-roupas líquido e desinfetantes).

Histórico e o “assédio eleitoral”

O pano de fundo da disputa envolve as doações da família Beira, controladora da marca, a Bolsonaro em 2022.

Além do aporte financeiro, a Química Amparo possui uma condenação na Justiça do Trabalho por asséd",2026-05-11 15:17:53+00:00,https://jornalggn.com.br/politica/caso-ype-extrema-direita-politiza-crise-sanitaria-e-ignora-riscos-a-saude/,jornalggn,ESQUERDA,"** A notícia apresenta uma narrativa que prioriza a crítica à extrema-direita e ao governo Bolsonaro, destacando a ""politicização"" da crise sanitária e a suposta ignorância dos riscos à saúde por parte de aliados do ex-presidente."
Decisão contra Lei da Dosimetria leva Congresso a articular anistia ampla,Suspensão da Lei da Dosimetria aprofunda tensão entre STF e Congresso e reacende ofensiva bolsonarista. Leia no GGN,"Uma nova queda de braço entre o Supremo Tribunal Federal (STF) e o Congresso Nacional se instalou após o ministro Alexandre de Moraes suspender a aplicação imediata da chamada Lei da Dosimetria. A medida, que trava o recálculo de penas para os envolvidos nos atos golpistas de 8 de janeiro, provocou uma reação imediata da oposição, que agora articula uma Proposta de Emenda à Constituição (PEC) para garantir anistia “ampla, geral e irrestrita” aos condenados. A informação é do O Globo.

Siga o Jornal GGN no Google e receba as principais notícias do Brasil e do Mundo Seguir no Google

A decisão monocrática de Moraes foi tomada no âmbito de uma execução penal e fundamentada na existência de Ações Diretas de Inconstitucionalidade (ADIs) protocoladas pela Associação Brasileira de Imprensa (ABI) e pela federação PSOL/Rede.

Para o ministro, a análise pendente dessas ações configura um “fato processual novo“, recomendando a interrupção da norma por razões de segurança jurídica até que o plenário da Corte se manifeste de forma definitiva.

Ofensiva legislativa

A reação no Legislativo é capitaneada por aliados do ex-presidente Jair Bolsonaro (PL), que interpretaram o gesto como uma afronta à “soberania parlamentar”.

A Lei da Dosimetria foi aprovada com ampla margem nas duas Casas — 291 votos na Câmara e 48 no Senado — e teve o veto do presidente Lula (PT) derrubado por uma coalizão de 318 deputados e 49 senadores.

O senador Rogério Marinho (PL-RN) criticou a suspensão, afirmando que o ato anula a “vontade popular”. Nos bastidores, líderes oposicionistas sugerem que, havendo consenso entre os presidentes da Câmara e do Senado, uma PEC de anistia poderia ser aprovada em tempo recorde como resposta institucional.

Alento para a base governista

Enquanto a direita se organiza para o embate, parlamentares da base governista celebraram o que classificam como um “banho de água fria no bolsonarismo“. Para o deputado Lindbergh Farias (PT-RJ), o impacto político da decisão é imediat",2026-05-11 14:52:04+00:00,https://jornalggn.com.br/politica/decisao-de-moraes-contra-lei-da-dosimetria-leva-congresso-a-articular-anistia-ampla/,jornalggn,ESQUERDA,"** A notícia apresenta uma narrativa crítica à decisão do ministro Alexandre de Moraes no STF, que suspendeu a aplicação da Lei da Dosimetria, e destaca a reação da oposição em articular anistia para os condenados. O tom da notícia sugere um viés ideológico progressista, enfatizando a tensão entre o Judiciário e o Legislativo."
"Moro lidera disputa pelo governo do Paraná, mostra pesquisa","Além de ser o mais votado, Moro ostenta a marca de não ser o mais rejeitado pelo eleitorado do Paraná. Esse título é de Requião Filho","Um levantamento do instituto Paraná Pesquisas mostra que o lavajatismo segue em alta nas eleições 2026. O deputado federal e ex-juiz da Operação Lava Jato, Sergio Moro, lidera com folga a disputa pelo governo do Paraná, enquanto o ex-procurador Deltan Dallagnol – deputado federal cassado – aparece à frente da petista Gleisi Hoffmann na corrida pelo Senado.

Siga o Jornal GGN no Google e receba as principais notícias do Brasil e do Mundo Seguir no Google

Na pesquisa estimulada (quando o instituto oferece a lista de candidatos para o entrevistado), Moro lidera em todos os cenários. Quando a disputa é com Requião Filho (19,7%), Rafael Greca (16,3%) e Sandro Alex (8,6%), Moro aparece com 42,6% das intenções de votos.

Já quando o cenário exclui Rafael Greca, Moro vai a 49,2% das intenções de voto, com chances de ser eleito já no primeiro turno, contra 23,7% de Requião Filho e 11% de Sandro Alex.

Além de ser o mais votado, Moro ostenta a marca de não ser o mais rejeitado pelo eleitorado do Paraná. Esse título é de Requião Filho, com 33,7% dos eleitores dizendo que não votariam nele de jeito nenhum. Outros 25,1% rejeitam Moro para governador do Paraná. Rafael Greca, candidato governista, tem 13,7% de rejeição.

CORRIDA PELO SENADO

Quanto à vaga do Paraná para o Senado, quem lidera a disputa é Álvaro Dias, com 39,3% das intenções de voto no cenário estimulado. Atrás dele aparece Deltan Dallagnol, com 26,1%, seguido da deputada federal Gleisi Hoffmann, com 25,2% e Filipe Barros, com 23,6%. Numericamente, Dallagnol está à frente de Gleisi, mas pela margem de erro da pesquisa, a situção neste cenário é de empate técnico.

Quando Álvaro Dias não está na disputa, Filipe Barros vai a 30%, seguido de 29,3% de Dallagnol e 27,4% de Gleisi, em um dos cenários. Em outro, com o menor número de candidatos, Filipe vai a 38%, contra 35% de Dallagnol e 29% de Gleisi, marcando uma distância maior entre o ex-procurador da Lava Jato e a petista.

No Estado onde se criou a República de Cur",2026-05-11 15:28:20+00:00,https://jornalggn.com.br/noticia/moro-lidera-disputa-pelo-governo-do-pr-e-dallagnol-larga-a-frente-de-gleisi-na-corrida-pelo-senado/,jornalggn,ESQUERDA,"** A notícia apresenta uma análise crítica da pesquisa de intenção de voto no Paraná, destacando a liderança de Sergio Moro e o desempenho dos outros candidatos. O tom do texto é mais próximo da narrativa de ESQUERDA, pois critica o ""lavajatismo"" e destaca as possíveis implicações políticas das intenções de voto."
"Terrabrás e Petrobras: Lula e Getúlio, por Paulo Kliass",Lula tem diante de si uma chance de confirmar seu compromisso com o futuro de um Brasil soberano e desenvolvido.,"Terrabrás e Petrobras: Lula e Getúlio

Siga o Jornal GGN no Google e receba as principais notícias do Brasil e do Mundo Seguir no Google

por Paulo Kliass

No próximo 3 de outubro, às vésperas da realização do primeiro turno das eleições presidenciais, será comemorado o 73º aniversário da promulgação da Lei nº 2004, que criou a Petrobrás e estabeleceu o monopólio estatal sobre todas as etapas de exploração e produção do petróleo em nosso País. Este foi um importante marco que concluiu o amplo movimento popular e nacionalista a favor da criação de uma empresa estatal para esse fim, sob a bandeira “O petróleo é nosso!” À época, houve uma enorme resistência ao projeto no interior das elites brasileiras, em especial aquelas mais vinculadas aos interesses do imperialismo estadunidense. No entanto, o Presidente Getúlio Vargas não se rendeu a essas pressões e colocou de pé a empresa.

Getúlio e a Petrobrás.

De acordo com a legislação de 1953, estavam lançadas as cartas para que o petróleo fosse explorado em condições de preservar a soberania nacional e estimular a constituição de um complexo industrial vinculado a essa matéria prima estratégica. Assim, o texto dispunha o seguinte:

(…) “Art. 1º Constituem monopólio da União:

I – a pesquisa e a lavra das jazidas de petróleo e outros hidrocarbonetos fluídos e gases raros, existentes no território nacional;

II – a refinação do petróleo nacional ou estrangeiro;

III – o transporte marítimo do petróleo bruto de origem nacional ou de derivados de petróleo produzidos no País, e bem assim o transporte, por meio de condutos, de petróleo bruto e seus derivados, assim como de gases raros de qualquer origem.

Art. 2º A União exercerá, o monopólio estabelecido no artigo anterior:

I – por meio do Conselho Nacional do Petróleo, como órgão de orientação e fiscalização;

II – por meio da sociedade por ações Petróleo Brasileiro S. A. e das suas subsidiárias, constituídas na forma da presente lei, como órgãos de execução.” (…) [GN]

Um d",2026-05-12 17:41:23+00:00,https://jornalggn.com.br/opiniao/terrabras-e-petrobras-lula-e-getulio-por-paulo-kliass/,jornalggn,ESQUERDA,"** O texto apresenta uma análise histórica e política sobre a criação da Petrobrás e sua importância para o desenvolvimento nacionalista do Brasil, destacando a resistência das elites brasileiras e estadunidenses à criação de uma empresa estatal. A narrativa é construída em torno da figura de Getúlio Vargas como um líder que defendeu os interesses nacionais."
"Terras raras: principal gargalo nacional está refino, aponta especialista",Especialista propõe que o Brasil siga o modelo do nióbio para dominar a cadeia produtiva e suprir minerais críticos para energia,"Em entrevista ao jornalista Luís Nassif na noite de terça (5), para o programa TV GGN 20 Horas, no Youtube, Valdir Silveira, diretor de Geologia e Recursos Minerais do Serviço Geológico do Brasil, destacou o imenso potencial mineral do país, apesar dos desafios históricos de mapeamento e da interrupção de investimentos em pesquisa. Silveira enfatizou que o Brasil possui todos os ambientes geológicos conhecidos no mundo capazes de abrigar mineralização, e que o conhecimento geológico atual, mesmo com mapeamentos parciais, já indica um potencial gigantesco. Ele ressaltou que, com o avanço do mapeamento para escalas mais detalhadas, novos depósitos e áreas potenciais surgirão, consolidando a posição do Brasil como uma potência mineral.

Siga o Jornal GGN no Google e receba as principais notícias do Brasil e do Mundo Seguir no Google

O diretor explicou que o Serviço Geológico do Brasil, também conhecido como CPRM, é o braço do Estado brasileiro responsável pelo conhecimento geológico e de recursos minerais, incluindo hidrologia e gestão territorial. Ele detalhou que o país, com seus 8,5 milhões de quilômetros quadrados de área terrestre e 5,7 milhões de quilômetros quadrados de áreas marinhas, totalizando 14,2 milhões de quilômetros quadrados, passou por ciclos de mapeamento, mas ainda tem apenas 30% de seu território mapeado na escala ideal de 1 para 100.000. Silveira lamentou que o avanço do conhecimento geológico, que teve um impulso entre 2003 e 2016, foi estancado e só retomado em 2023, atribuindo o atraso a decisões políticas.

Ao abordar as terras raras, Silveira esclareceu que não se trata de um mineral, mas de 17 elementos químicos da tabela periódica, presentes em minerais como xenotima e monazita, encontrados em rochas como complexos alcalinos e argilas iônicas. Ele revelou que o Brasil já conhecia depósitos de terras raras desde a descoberta de Araxá e que, surpreendentemente, até os anos 90, o país era tecnologicamente mais avançado no refino de terras rar",2026-05-06 15:59:20+00:00,https://jornalggn.com.br/politica/terras-raras-principal-gargalo-nacional-esta-refino-aponta-diretor-do-servico-geologico-do-brasil/,jornalggn,NEUTRO,"** A notícia apresenta uma abordagem neutra ao relatar as declarações de um especialista sobre o potencial mineral do Brasil, sem tomar partido ou fazer críticas a qualquer campo político."
Audiência pública debate impactos da mineração de terras raras em MG,"Projetos de exploração mineral no Planalto Vulcânico de Poços de Caldas mobilizam movimentos sociais, especialistas e parlamentares","Uma audiência pública realizada nesta semana no IFSULDEMINAS – Campus Poços de Caldas colocou no centro do debate os impactos ambientais, sociais e econômicos dos projetos de mineração de terras raras previstos para o Planalto Vulcânico de Poços de Caldas, região estratégica entre o sul de Minas Gerais e o interior de São Paulo.

Siga o Jornal GGN no Google e receba as principais notícias do Brasil e do Mundo Seguir no Google

Entre os projetos debatidos estão o Colossus, da empresa australiana Viridis Mining and Minerals, e o Caldeira, conduzido pela Meteoric Resources. As iniciativas atingem áreas localizadas em municípios como Poços de Caldas, Caldas, Andradas e Águas da Prata.

Durante a audiência, movimentos sociais e moradores da região manifestaram preocupação com possíveis impactos sobre recursos hídricos, saúde pública e riscos relacionados à presença de materiais radioativos no subsolo do planalto vulcânico.

Segundo os organizadores, os Estudos de Impacto Ambiental apresentados até agora pelas empresas são considerados insuficientes para assegurar proteção adequada às populações e ao território.

O debate também ganhou dimensão geopolítica. Especialistas presentes destacaram que as terras raras se tornaram alvo de disputa internacional devido ao papel estratégico desses minerais na fabricação de baterias, equipamentos eletrônicos, veículos elétricos, sistemas militares e tecnologias ligadas à transição energética.

Atualmente, a China domina grande parte da cadeia global de produção e processamento desses minerais, o que intensificou a corrida internacional por novas reservas em países como o Brasil.

Nesse contexto, participantes da audiência defenderam que o debate sobre mineração não pode se restringir à dimensão econômica e precisa considerar soberania nacional, preservação ambiental e direitos das comunidades afetadas.

A atividade ocorreu no dia 8 de maio e foi solicitada à Comissão de Meio Ambiente da Assembleia Legislativa de Minas Gerais pela dep",2026-05-09 18:12:18+00:00,https://jornalggn.com.br/economia/audiencia-publica-mineracao-terras-raras-pocos-caldas/,jornalggn,ESQUERDA,"** A notícia apresenta uma abordagem crítica aos projetos de mineração de terras raras em MG, destacando preocupações ambientais e sociais, o que sugere um viés ideológico de esquerda."
Ministério da Saúde lança Programa Nacional de Pesquisa Clínica,"Governo quer ampliar pesquisas clínicas, atrair investimentos e transformar o Brasil em referência global em inovação biomédica","O Ministério da Saúde instituiu oficialmente o Programa Nacional de Pesquisa Clínica (PPClin), iniciativa que busca ampliar a capacidade brasileira de desenvolver pesquisas médicas, acelerar inovação no SUS e transformar o país em um polo estratégico global na área de saúde.

Siga o Jornal GGN no Google e receba as principais notícias do Brasil e do Mundo Seguir no Google

O programa pretende integrar universidades, hospitais, institutos científicos, agências reguladoras e setor produtivo para fortalecer a realização de ensaios clínicos em território nacional, incluindo pesquisas em todas as fases de desenvolvimento de medicamentos, vacinas, terapias e equipamentos médicos.

Segundo o governo federal, a proposta também busca reduzir desigualdades regionais na produção científica e modernizar o ambiente regulatório da pesquisa clínica no Brasil.

O PPClin faz parte da estratégia de fortalecimento do Complexo Econômico-Industrial da Saúde, política que ganhou prioridade no governo federal após a pandemia de Covid-19.

A avaliação do Ministério da Saúde é que o Brasil possui capacidade científica relevante, mas ainda participa pouco dos grandes estudos clínicos internacionais devido a entraves regulatórios, baixa integração institucional e limitações de infraestrutura.

Durante o lançamento do programa, o ministro da Saúde, Alexandre Padilha, afirmou que ampliar pesquisas clínicas no país é estratégico para garantir acesso mais rápido da população a tecnologias médicas adaptadas às características epidemiológicas brasileiras.

O governo já havia anunciado, em abril, investimento inicial de R$ 120 milhões para financiar propostas apresentadas por hospitais federais, universidades e centros de pesquisa.

Programa mira vacinas, biotecnologia e soberania sanitária

A iniciativa se conecta a uma série de investimentos recentes do governo em produção nacional de vacinas, biotecnologia e medicamentos estratégicos.

Nos últimos meses, o Ministério da Saúde anunciou parcerias p",2026-05-08 22:57:56+00:00,https://jornalggn.com.br/politica/ministerio-saude-programa-nacional-pesquisa-clinica/,jornalggn,NEUTRO,"** O texto apresenta uma abordagem positiva e otimista sobre a criação do Programa Nacional de Pesquisa Clínica pelo Ministério da Saúde, enfatizando a intenção de ampliar pesquisas clínicas, atrair investimentos e transformar o Brasil em referência global em inovação biomédica. A linguagem utilizada é neutra e objetiva, sem críticas ou juízos de valor negativos."
